﻿Designator,Footprint,Quantity,Value,LCSC Part #
"ATTACK1_4, ATTACK1_3, ATTACK1_2, ATTACK1, DENSITY1_4, DENSITY1_3, DENSITY1_2, DENSITY1, GAIN1_4, GAIN1_3, GAIN1_2, GAIN1, GRAIN_LENGTH1_4, GRAIN_LENGTH1_3, GRAIN_LENGTH1_2, GRAIN_LENGTH1, LOOP_END1_4, LOOP_END1_3, LOOP_END1_2, LOOP_END1, LOOP_START1_4, LOOP_START1_3, LOOP_START1_2, LOOP_START1, PAN1_4, PAN1_3, PAN1_2, PAN1, PITCH1_4, PITCH1_3, PITCH1_2, PITCH1, PLAY_SPEED1_4, PLAY_SPEED1_3, PLAY_SPEED1_2, PLAY_SPEED1, RELEASE1_4, RELEASE1_3, RELEASE1_2, RELEASE1, SPRAY1_4, SPRAY1_3, SPRAY1_2, SPRAY1, SPREAD1_4, SPREAD1_3, SPREAD1_2, SPREAD1",Potentiometer_TT_P0915N,48,~,
"J1_4, J1_3, J1_2, J1",IDC-Header_2x04_P2.54mm_Vertical,4,Conn_01x08_Pin,
"R1_4, R1_3, R1_2, R1, R2_4, R2_3, R2_2, R2, R3_4, R3_3, R3_2, R3, R4_4, R4_3, R4_2, R4",R_Axial_DIN0204_L3.6mm_D1.6mm_P5.08mm_Horizontal,16,1.5K,
"S1_4, S1_3, S1_2, S1",SW_Cherry_MX_1.00u_PCB,4,Record,
"S2_4, S2_3, S2_2, S2",SW_Cherry_MX_1.00u_PCB,4,Hold,
"S3_4, S3_3, S3_2, S3",SW_Cherry_MX_1.00u_PCB,4,Play Dir,
"S4_4, S4_3, S4_2, S4",SW_Cherry_MX_1.00u_PCB,4,Grain Dir,
"U1_4, U1_3, U1_2, U1, U3_4, U3_3, U3_2, U3",DIP-16_W7.62mm_Socket,8,4051,
